"ID","Mean-Pearson","Mean-Spearman","SD-Pearson","SD-Spearman"
"FW","0.0538089375558408","0.115654997176736","0.194447390443788","0.170564666969226"
