"ID","Mean-Pearson","Mean-Spearman","SD-Pearson","SD-Spearman"
"FW","-0.257623836343271","-0.24785055524186","0.16412344464373","0.168730489935885"
