"ID","Mean-Pearson","Mean-Spearman","SD-Pearson","SD-Spearman"
"FW","-0.175947696498835","-0.164647092038396","0.182396880729955","0.188816636868117"
