"ID","Mean-Pearson","Mean-Spearman","SD-Pearson","SD-Spearman"
"FW","0.174272580740613","0.197276491624318","0.146525856643327","0.183362554495062"
