"ID","Mean-Pearson","Mean-Spearman","SD-Pearson","SD-Spearman"
"FW","0.0358965395480745","0.0123611895351026","0.187822583719808","0.209541718019577"
