"ID","Mean-Pearson","Mean-Spearman","SD-Pearson","SD-Spearman"
"FW","-0.303503749674619","-0.322350837568229","0.179268962790392","0.187215235910024"
