"ID","Mean-Pearson","Mean-Spearman","SD-Pearson","SD-Spearman"
"FW","-0.138956875100754","-0.132246376811594","0.182467441475539","0.214508128574197"
