"ID","Mean-Pearson","Mean-Spearman","SD-Pearson","SD-Spearman"
"FW","0.125692897492343","0.135936382458122","0.160661310541883","0.181667312045596"
