"ID","Mean-Pearson","Mean-Spearman","SD-Pearson","SD-Spearman"
"FW","-0.0444017240550955","-0.0328345567476002","0.158045057315112","0.168670937965814"
