"ID","Mean-Pearson","Mean-Spearman","SD-Pearson","SD-Spearman"
"FW","-0.0139950547414468","0.0104413702239789","0.167656162192719","0.184912842722718"
