"ID","Mean-Pearson","Mean-Spearman","SD-Pearson","SD-Spearman"
"FW","0.287010327998812","0.306072840203275","0.159320027263669","0.167289612247481"
