"ID","Mean-Pearson","Mean-Spearman","SD-Pearson","SD-Spearman"
"FW","-0.143447441972066","-0.1740551477508","0.207563939630322","0.188370219045885"
