"ID","Mean-Pearson","Mean-Spearman","SD-Pearson","SD-Spearman"
"FW","0.128716075400393","0.125886504799548","0.126976607171441","0.160314529349662"
