"ID","Mean-Pearson","Mean-Spearman","SD-Pearson","SD-Spearman"
"FW","0.247743512178573","0.261773950686994","0.187483312816062","0.184647468885709"
