"ID","Mean-Pearson","Mean-Spearman","SD-Pearson","SD-Spearman"
"FW","0.394541324596105","0.413251458686241","0.173834406318864","0.169024286558747"
