"ID","Mean-Pearson","Mean-Spearman","SD-Pearson","SD-Spearman"
"FW","0.256277360060946","0.268290984377941","0.181526868846415","0.187539354014366"
