"ID","Mean-Pearson","Mean-Spearman","SD-Pearson","SD-Spearman"
"FW","0.362393108851509","0.378598720120459","0.152503425310809","0.16958662113564"
