"ID","Mean-Pearson","Mean-Spearman","SD-Pearson","SD-Spearman"
"FW","0.0857686289670138","0.126479390175042","0.176798551433326","0.185208163080367"
