"ID","Mean-Pearson","Mean-Spearman","SD-Pearson","SD-Spearman"
"FW","0.352837421359132","0.381569734613213","0.14554955013717","0.163584383181045"
