"ID","Mean-Pearson","Mean-Spearman","SD-Pearson","SD-Spearman"
"FW","-0.122160698031351","-0.0886194240542067","0.183355381601652","0.182995367232253"
