"ID","Mean-Pearson","Mean-Spearman","SD-Pearson","SD-Spearman"
"FW","0.473416092258754","0.430664408055712","0.140601900583712","0.146332834928848"
