"flux","G variance","E variance","G-by-E varicane","residual","G%","E%","GxE%","e%","h2"
"FW","230.133996944259","992.023084966781","193.771545511827","176.117599682677","0.144552333359477","0.623111985115125","0.121712260745166","0.110623420780232","0.171045675798565"
